Variable,DF,Estimate,StdErr,WaldChiSq,ProbChiSq,_ESTTYPE_,Outcome
f_any_sub,1,1.2586,0.0269,2187.9625,<.0001,MLE,any_adhd
f_any_dep,1,0.8338,0.0185,2030.2137,<.0001,MLE,any_adhd
f_any_str,1,0.5572,0.0186,894.7797,<.0001,MLE,any_adhd
f_any_anx,1,0.8289,0.0203,1673.4868,<.0001,MLE,any_adhd
f_any_phb,1,0.9282,0.0355,684.0053,<.0001,MLE,any_adhd
f_any_ptsd,1,1.1724,0.0356,1084.1737,<.0001,MLE,any_adhd
f_any_som,1,0.6195,0.0621,99.6242,<.0001,MLE,any_adhd
f_any_psy,1,1.1774,0.0375,983.4522,<.0001,MLE,any_adhd
f_any_oth,1,0.5979,0.0192,974.3674,<.0001,MLE,any_adhd
f_any_slp,1,0.4767,0.0205,540.2995,<.0001,MLE,any_adhd
f_any_sex,1,0.5804,0.1312,19.5856,<.0001,MLE,any_adhd
f_any_per,1,1.4011,0.0463,916.2139,<.0001,MLE,any_adhd
f_any_sui,1,1.3103,0.0571,527.2315,<.0001,MLE,any_adhd
f_any_adhd,1,0.9692,0.0294,1087.3280,<.0001,MLE,any_sub
f_any_dep,1,0.5495,0.0102,2893.9331,<.0001,MLE,any_sub
f_any_str,1,0.4272,0.0103,1711.9512,<.0001,MLE,any_sub
f_any_anx,1,0.5321,0.0122,1904.8086,<.0001,MLE,any_sub
f_any_phb,1,0.5026,0.0241,434.1606,<.0001,MLE,any_sub
f_any_ptsd,1,0.6877,0.0253,738.8282,<.0001,MLE,any_sub
f_any_som,1,0.3227,0.0402,64.5807,<.0001,MLE,any_sub
f_any_psy,1,0.8213,0.0262,982.2176,<.0001,MLE,any_sub
f_any_oth,1,0.3117,0.0110,799.8143,<.0001,MLE,any_sub
f_any_slp,1,0.3991,0.0116,1181.7908,<.0001,MLE,any_sub
f_any_sex,1,0.1966,0.0879,5.0088,0.0252,MLE,any_sub
f_any_per,1,0.9483,0.0343,762.4986,<.0001,MLE,any_sub
f_any_sui,1,0.9784,0.0464,443.8195,<.0001,MLE,any_sub
f_any_adhd,1,0.9230,0.0364,644.3915,<.0001,MLE,any_dep
f_any_sub,1,0.6238,0.0196,1016.9934,<.0001,MLE,any_dep
f_any_str,1,0.4244,0.00823,2660.8862,<.0001,MLE,any_dep
f_any_anx,1,0.4385,0.0120,1333.7795,<.0001,MLE,any_dep
f_any_phb,1,0.3872,0.0259,224.0700,<.0001,MLE,any_dep
f_any_ptsd,1,0.7564,0.0308,601.3494,<.0001,MLE,any_dep
f_any_som,1,0.2723,0.0401,46.0408,<.0001,MLE,any_dep
f_any_psy,1,0.8126,0.0344,557.7865,<.0001,MLE,any_dep
f_any_oth,1,0.3463,0.00916,1429.1911,<.0001,MLE,any_dep
f_any_slp,1,0.3092,0.0101,932.0526,<.0001,MLE,any_dep
f_any_sex,1,0.3798,0.0768,24.4362,<.0001,MLE,any_dep
f_any_per,1,1.0226,0.0545,351.4782,<.0001,MLE,any_dep
f_any_sui,1,0.9407,0.0826,129.6833,<.0001,MLE,any_dep
f_any_adhd,1,0.7150,0.0285,629.0716,<.0001,MLE,any_str
f_any_sub,1,0.5618,0.0173,1057.3559,<.0001,MLE,any_str
f_any_dep,1,0.5087,0.00849,3592.3629,<.0001,MLE,any_str
f_any_anx,1,0.4639,0.0105,1937.7231,<.0001,MLE,any_str
f_any_phb,1,0.4758,0.0208,523.1574,<.0001,MLE,any_str
f_any_ptsd,1,0.7784,0.0243,1029.0439,<.0001,MLE,any_str
f_any_som,1,0.4437,0.0333,177.1092,<.0001,MLE,any_str
f_any_psy,1,0.7517,0.0224,1127.1224,<.0001,MLE,any_str
f_any_oth,1,0.3918,0.00924,1797.7984,<.0001,MLE,any_str
f_any_slp,1,0.3166,0.0100,998.3277,<.0001,MLE,any_str
f_any_sex,1,0.2745,0.0728,14.2058,0.0002,MLE,any_str
f_any_per,1,0.8124,0.0312,679.8581,<.0001,MLE,any_str
f_any_sui,1,1.0024,0.0393,650.0930,<.0001,MLE,any_str
f_any_adhd,1,0.7975,0.0327,594.2883,<.0001,MLE,any_anx
f_any_sub,1,0.6777,0.0198,1166.2943,<.0001,MLE,any_anx
f_any_dep,1,0.4337,0.00950,2085.1567,<.0001,MLE,any_anx
f_any_str,1,0.3307,0.00944,1228.2529,<.0001,MLE,any_anx
f_any_phb,1,0.4471,0.0291,236.3255,<.0001,MLE,any_anx
f_any_ptsd,1,0.5517,0.0291,360.4644,<.0001,MLE,any_anx
f_any_som,1,0.2723,0.0459,35.1736,<.0001,MLE,any_anx
f_any_psy,1,0.6796,0.0296,528.8057,<.0001,MLE,any_anx
f_any_oth,1,0.3095,0.0102,925.0564,<.0001,MLE,any_anx
f_any_slp,1,0.2718,0.0111,595.0287,<.0001,MLE,any_anx
f_any_sex,1,0.3747,0.0785,22.7876,<.0001,MLE,any_anx
f_any_per,1,0.8575,0.0425,406.5595,<.0001,MLE,any_anx
f_any_sui,1,0.7530,0.0528,203.2519,<.0001,MLE,any_anx
f_any_adhd,1,1.0087,0.0421,575.3459,<.0001,MLE,any_phb
f_any_sub,1,0.8272,0.0276,896.7277,<.0001,MLE,any_phb
f_any_dep,1,0.4925,0.0164,900.8954,<.0001,MLE,any_phb
f_any_str,1,0.3207,0.0167,368.7844,<.0001,MLE,any_phb
f_any_anx,1,0.6249,0.0189,1092.3734,<.0001,MLE,any_phb
f_any_ptsd,1,0.7740,0.0373,431.6136,<.0001,MLE,any_phb
f_any_som,1,0.2860,0.0651,19.3045,<.0001,MLE,any_phb
f_any_psy,1,0.8283,0.0381,471.5500,<.0001,MLE,any_phb
f_any_oth,1,0.3633,0.0174,434.0033,<.0001,MLE,any_phb
f_any_slp,1,0.3580,0.0185,373.0747,<.0001,MLE,any_phb
f_any_sex,1,0.4655,0.1235,14.2146,0.0002,MLE,any_phb
f_any_per,1,0.9890,0.0498,394.7304,<.0001,MLE,any_phb
f_any_sui,1,0.9412,0.0597,248.8852,<.0001,MLE,any_phb
f_any_adhd,1,1.1616,0.0558,433.9608,<.0001,MLE,any_ptsd
f_any_sub,1,0.8956,0.0385,539.9624,<.0001,MLE,any_ptsd
f_any_dep,1,0.6503,0.0235,764.7741,<.0001,MLE,any_ptsd
f_any_str,1,0.5519,0.0237,543.7702,<.0001,MLE,any_ptsd
f_any_anx,1,0.6171,0.0270,521.3924,<.0001,MLE,any_ptsd
f_any_phb,1,0.5836,0.0520,126.1817,<.0001,MLE,any_ptsd
f_any_som,1,0.3854,0.0905,18.1488,<.0001,MLE,any_ptsd
f_any_psy,1,0.8380,0.0543,238.0390,<.0001,MLE,any_ptsd
f_any_oth,1,0.4833,0.0247,382.2181,<.0001,MLE,any_ptsd
f_any_slp,1,0.4469,0.0262,289.9170,<.0001,MLE,any_ptsd
f_any_sex,1,0.2696,0.1939,1.9328,0.1645,MLE,any_ptsd
f_any_per,1,1.1630,0.0653,317.5605,<.0001,MLE,any_ptsd
f_any_sui,1,1.1240,0.0810,192.3503,<.0001,MLE,any_ptsd
f_any_adhd,1,0.6410,0.0805,63.3366,<.0001,MLE,any_som
f_any_sub,1,0.3390,0.0563,36.2698,<.0001,MLE,any_som
f_any_dep,1,0.3228,0.0286,127.2134,<.0001,MLE,any_som
f_any_str,1,0.2092,0.0292,51.3629,<.0001,MLE,any_som
f_any_anx,1,0.3366,0.0344,95.8082,<.0001,MLE,any_som
f_any_phb,1,0.3597,0.0672,28.6303,<.0001,MLE,any_som
f_any_ptsd,1,0.4161,0.0732,32.3324,<.0001,MLE,any_som
f_any_psy,1,0.5456,0.0715,58.2261,<.0001,MLE,any_som
f_any_oth,1,0.2607,0.0306,72.7806,<.0001,MLE,any_som
f_any_slp,1,0.2010,0.0330,37.0398,<.0001,MLE,any_som
f_any_sex,1,0.7173,0.1842,15.1594,<.0001,MLE,any_som
f_any_per,1,0.6911,0.0907,58.0143,<.0001,MLE,any_som
f_any_sui,1,0.7051,0.1094,41.5337,<.0001,MLE,any_som
f_any_adhd,1,1.1548,0.0428,729.3216,<.0001,MLE,any_psy
f_any_sub,1,1.0291,0.0277,1380.7644,<.0001,MLE,any_psy
f_any_dep,1,0.6613,0.0173,1454.3325,<.0001,MLE,any_psy
f_any_str,1,0.5150,0.0175,867.8366,<.0001,MLE,any_psy
f_any_anx,1,0.6139,0.0200,943.3472,<.0001,MLE,any_psy
f_any_phb,1,0.6673,0.0372,321.0694,<.0001,MLE,any_psy
f_any_ptsd,1,0.8989,0.0377,568.4688,<.0001,MLE,any_psy
f_any_som,1,0.4282,0.0646,44.0012,<.0001,MLE,any_psy
f_any_oth,1,0.4360,0.0184,561.9667,<.0001,MLE,any_psy
f_any_slp,1,0.4714,0.0193,597.2771,<.0001,MLE,any_psy
f_any_sex,1,0.4213,0.1333,9.9867,0.0016,MLE,any_psy
f_any_per,1,1.1870,0.0513,536.1178,<.0001,MLE,any_psy
f_any_sui,1,1.2204,0.0625,380.7906,<.0001,MLE,any_psy
f_any_adhd,1,0.7401,0.0304,593.8175,<.0001,MLE,any_oth
f_any_sub,1,0.4706,0.0177,708.3796,<.0001,MLE,any_oth
f_any_dep,1,0.4527,0.00848,2852.6029,<.0001,MLE,any_oth
f_any_str,1,0.3682,0.00852,1869.2900,<.0001,MLE,any_oth
f_any_anx,1,0.4225,0.0107,1554.0545,<.0001,MLE,any_oth
f_any_phb,1,0.4125,0.0217,363.0585,<.0001,MLE,any_oth
f_any_ptsd,1,0.6978,0.0243,827.8193,<.0001,MLE,any_oth
f_any_som,1,0.2929,0.0369,63.0612,<.0001,MLE,any_oth
f_any_psy,1,0.6245,0.0270,533.8635,<.0001,MLE,any_oth
f_any_slp,1,0.2899,0.00996,848.0163,<.0001,MLE,any_oth
f_any_sex,1,0.2949,0.0745,15.6768,<.0001,MLE,any_oth
f_any_per,1,0.7719,0.0362,454.5502,<.0001,MLE,any_oth
f_any_sui,1,0.7977,0.0440,329.2529,<.0001,MLE,any_oth
f_any_adhd,1,0.6442,0.0272,562.3805,<.0001,MLE,any_slp
f_any_sub,1,0.5640,0.0167,1146.7186,<.0001,MLE,any_slp
f_any_dep,1,0.4063,0.00778,2728.3708,<.0001,MLE,any_slp
f_any_str,1,0.3084,0.00781,1559.9983,<.0001,MLE,any_slp
f_any_anx,1,0.3606,0.00997,1307.6769,<.0001,MLE,any_slp
f_any_phb,1,0.3570,0.0202,313.3312,<.0001,MLE,any_slp
f_any_ptsd,1,0.5454,0.0225,589.0305,<.0001,MLE,any_slp
f_any_som,1,0.2702,0.0327,68.1312,<.0001,MLE,any_slp
f_any_psy,1,0.5698,0.0238,571.5895,<.0001,MLE,any_slp
f_any_oth,1,0.2827,0.00841,1130.2606,<.0001,MLE,any_slp
f_any_sex,1,0.3870,0.0654,35.0005,<.0001,MLE,any_slp
f_any_per,1,0.5545,0.0323,294.9773,<.0001,MLE,any_slp
f_any_sui,1,0.6991,0.0415,284.1557,<.0001,MLE,any_slp
f_any_adhd,1,0.4309,0.0318,183.5860,<.0001,MLE,any_sex
f_any_sub,1,0.5555,0.0186,893.7284,<.0001,MLE,any_sex
f_any_dep,1,0.3731,0.0101,1362.2267,<.0001,MLE,any_sex
f_any_str,1,0.2826,0.0103,758.7418,<.0001,MLE,any_sex
f_any_anx,1,0.3075,0.0123,627.1911,<.0001,MLE,any_sex
f_any_phb,1,0.2893,0.0246,138.4860,<.0001,MLE,any_sex
f_any_ptsd,1,0.4228,0.0258,267.6653,<.0001,MLE,any_sex
f_any_som,1,0.2366,0.0395,35.8938,<.0001,MLE,any_sex
f_any_psy,1,0.4644,0.0265,307.0888,<.0001,MLE,any_sex
f_any_oth,1,0.2168,0.0109,393.3823,<.0001,MLE,any_sex
f_any_slp,1,0.3970,0.0112,1249.6836,<.0001,MLE,any_sex
f_any_per,1,0.4911,0.0353,194.0517,<.0001,MLE,any_sex
f_any_sui,1,0.6307,0.0407,240.4442,<.0001,MLE,any_sex
f_any_adhd,1,1.2067,0.0521,535.4800,<.0001,MLE,any_per
f_any_sub,1,1.0581,0.0344,945.7929,<.0001,MLE,any_per
f_any_dep,1,0.8031,0.0223,1299.7825,<.0001,MLE,any_per
f_any_str,1,0.5262,0.0225,548.5727,<.0001,MLE,any_per
f_any_anx,1,0.8013,0.0245,1069.3353,<.0001,MLE,any_per
f_any_phb,1,0.8206,0.0447,336.9336,<.0001,MLE,any_per
f_any_ptsd,1,1.1680,0.0430,738.6114,<.0001,MLE,any_per
f_any_som,1,0.6947,0.0730,90.5452,<.0001,MLE,any_per
f_any_psy,1,1.1509,0.0463,617.3483,<.0001,MLE,any_per
f_any_oth,1,0.5057,0.0233,469.7936,<.0001,MLE,any_per
f_any_slp,1,0.4438,0.0248,319.5266,<.0001,MLE,any_per
f_any_sex,1,0.3913,0.1729,5.1240,0.0236,MLE,any_per
f_any_sui,1,1.3057,0.0731,319.2873,<.0001,MLE,any_per
f_any_adhd,1,1.2250,0.0527,540.0536,<.0001,MLE,any_sui
f_any_sub,1,1.2893,0.0333,1495.7015,<.0001,MLE,any_sui
f_any_dep,1,0.8667,0.0234,1371.6627,<.0001,MLE,any_sui
f_any_str,1,0.8137,0.0234,1213.0868,<.0001,MLE,any_sui
f_any_anx,1,0.8120,0.0255,1010.1625,<.0001,MLE,any_sui
f_any_phb,1,0.7441,0.0475,245.6874,<.0001,MLE,any_sui
f_any_ptsd,1,1.1467,0.0449,653.5082,<.0001,MLE,any_sui
f_any_som,1,0.5673,0.0801,50.1981,<.0001,MLE,any_sui
f_any_psy,1,1.1496,0.0476,583.5546,<.0001,MLE,any_sui
f_any_oth,1,0.5743,0.0242,562.4485,<.0001,MLE,any_sui
f_any_slp,1,0.6186,0.0251,605.1910,<.0001,MLE,any_sui
f_any_sex,1,0.3485,0.1840,3.5897,0.0581,MLE,any_sui
f_any_per,1,1.4650,0.0564,674.8729,<.0001,MLE,any_sui
