Variable,DF,Estimate,StdErr,WaldChiSq,ProbChiSq,_ESTTYPE_,Outcome
f_any_adhd,1,1.1379,0.0249,2094.7691,<.0001,MLE,any_adhd
f_any_adhd,1,1.1379,0.0249,2094.7691,<.0001,MLE,any_adhd
f_any_dep,1,0.5472,0.0129,1803.3874,<.0001,MLE,any_adhd
f_any_str,1,0.4118,0.0113,1326.1254,<.0001,MLE,any_adhd
f_any_anx,1,0.6020,0.0130,2157.5336,<.0001,MLE,any_adhd
f_any_phb,1,0.6850,0.0205,1112.8058,<.0001,MLE,any_adhd
f_any_ptsd,1,0.8915,0.0208,1837.0117,<.0001,MLE,any_adhd
f_any_som,1,0.4415,0.0337,171.3048,<.0001,MLE,any_adhd
f_any_psy,1,1.0886,0.0211,2658.2773,<.0001,MLE,any_adhd
f_any_oth,1,0.3538,0.0119,889.8178,<.0001,MLE,any_adhd
f_any_slp,1,0.4588,0.0128,1289.3104,<.0001,MLE,any_adhd
f_any_sex,1,0.2757,0.0805,11.7404,0.0006,MLE,any_adhd
f_any_per,1,1.2054,0.0265,2074.5751,<.0001,MLE,any_adhd
f_any_sui,1,1.3715,0.0308,1977.6884,<.0001,MLE,any_adhd
f_any_sub,1,0.8449,0.0391,466.7621,<.0001,MLE,any_adhd
f_any_dep,1,0.8531,0.0280,928.3813,<.0001,MLE,any_adhd
f_any_str,1,0.5238,0.0225,540.6463,<.0001,MLE,any_adhd
f_any_anx,1,0.8063,0.0249,1048.3213,<.0001,MLE,any_adhd
f_any_phb,1,0.9612,0.0347,768.8385,<.0001,MLE,any_adhd
f_any_ptsd,1,1.1999,0.0338,1259.5555,<.0001,MLE,any_adhd
f_any_som,1,0.6509,0.0576,127.5478,<.0001,MLE,any_adhd
f_any_psy,1,1.2322,0.0367,1125.6698,<.0001,MLE,any_adhd
f_any_oth,1,0.6422,0.0243,700.5591,<.0001,MLE,any_adhd
f_any_slp,1,0.4765,0.0255,348.8982,<.0001,MLE,any_adhd
f_any_sex,1,0.5889,0.1323,19.8083,<.0001,MLE,any_adhd
f_any_per,1,1.4476,0.0432,1121.7752,<.0001,MLE,any_adhd
f_any_sui,1,1.3003,0.0549,561.7988,<.0001,MLE,any_adhd
f_any_adhd,1,1.1379,0.0249,2094.7691,<.0001,MLE,any_sub
f_any_adhd,1,1.1379,0.0249,2094.7691,<.0001,MLE,any_sub
f_any_dep,1,0.5472,0.0129,1803.3874,<.0001,MLE,any_sub
f_any_str,1,0.4118,0.0113,1326.1254,<.0001,MLE,any_sub
f_any_anx,1,0.6020,0.0130,2157.5336,<.0001,MLE,any_sub
f_any_phb,1,0.6850,0.0205,1112.8058,<.0001,MLE,any_sub
f_any_ptsd,1,0.8915,0.0208,1837.0117,<.0001,MLE,any_sub
f_any_som,1,0.4415,0.0337,171.3048,<.0001,MLE,any_sub
f_any_psy,1,1.0886,0.0211,2658.2773,<.0001,MLE,any_sub
f_any_oth,1,0.3538,0.0119,889.8178,<.0001,MLE,any_sub
f_any_slp,1,0.4588,0.0128,1289.3104,<.0001,MLE,any_sub
f_any_sex,1,0.2757,0.0805,11.7404,0.0006,MLE,any_sub
f_any_per,1,1.2054,0.0265,2074.5751,<.0001,MLE,any_sub
f_any_sui,1,1.3715,0.0308,1977.6884,<.0001,MLE,any_sub
f_any_adhd,1,0.8363,0.0190,1933.8109,<.0001,MLE,any_dep
f_any_sub,1,0.5463,0.0135,1630.5329,<.0001,MLE,any_dep
f_any_sub,1,0.5463,0.0135,1630.5329,<.0001,MLE,any_dep
f_any_str,1,0.4031,0.00711,3216.4716,<.0001,MLE,any_dep
f_any_anx,1,0.5155,0.00803,4121.6562,<.0001,MLE,any_dep
f_any_phb,1,0.5181,0.0143,1308.6599,<.0001,MLE,any_dep
f_any_ptsd,1,0.8214,0.0149,3053.2027,<.0001,MLE,any_dep
f_any_som,1,0.4380,0.0223,386.0291,<.0001,MLE,any_dep
f_any_psy,1,0.8212,0.0158,2685.8172,<.0001,MLE,any_dep
f_any_oth,1,0.3704,0.00739,2513.4003,<.0001,MLE,any_dep
f_any_slp,1,0.3725,0.00798,2181.4678,<.0001,MLE,any_dep
f_any_sex,1,0.4232,0.0493,73.8165,<.0001,MLE,any_dep
f_any_per,1,0.9501,0.0207,2114.3224,<.0001,MLE,any_dep
f_any_sui,1,0.9617,0.0252,1460.2648,<.0001,MLE,any_dep
f_any_adhd,1,0.6379,0.0204,976.3336,<.0001,MLE,any_str
f_any_sub,1,0.4449,0.0143,967.9093,<.0001,MLE,any_str
f_any_dep,1,0.4825,0.00774,3889.2100,<.0001,MLE,any_str
f_any_dep,1,0.4825,0.00774,3889.2100,<.0001,MLE,any_str
f_any_anx,1,0.4447,0.00823,2921.7413,<.0001,MLE,any_str
f_any_phb,1,0.4317,0.0152,807.6278,<.0001,MLE,any_str
f_any_ptsd,1,0.7309,0.0156,2187.7221,<.0001,MLE,any_str
f_any_som,1,0.4123,0.0235,308.3802,<.0001,MLE,any_str
f_any_psy,1,0.6694,0.0168,1589.8794,<.0001,MLE,any_str
f_any_oth,1,0.3748,0.00765,2402.6181,<.0001,MLE,any_str
f_any_slp,1,0.3170,0.00828,1467.0857,<.0001,MLE,any_str
f_any_sex,1,0.3031,0.0533,32.3881,<.0001,MLE,any_str
f_any_per,1,0.6807,0.0223,930.7529,<.0001,MLE,any_str
f_any_sui,1,0.8710,0.0262,1104.6106,<.0001,MLE,any_str
f_any_adhd,1,0.8251,0.0239,1195.4826,<.0001,MLE,any_anx
f_any_sub,1,0.5321,0.0184,834.5337,<.0001,MLE,any_anx
f_any_dep,1,0.3906,0.0118,1090.7291,<.0001,MLE,any_anx
f_any_str,1,0.3271,0.00975,1126.4316,<.0001,MLE,any_anx
f_any_str,1,0.3271,0.00975,1126.4316,<.0001,MLE,any_anx
f_any_phb,1,0.5747,0.0188,937.3605,<.0001,MLE,any_anx
f_any_ptsd,1,0.6919,0.0194,1277.5805,<.0001,MLE,any_anx
f_any_som,1,0.4173,0.0295,200.0655,<.0001,MLE,any_anx
f_any_psy,1,0.8101,0.0200,1638.6158,<.0001,MLE,any_anx
f_any_oth,1,0.3186,0.0104,944.2766,<.0001,MLE,any_anx
f_any_slp,1,0.2963,0.0114,677.1827,<.0001,MLE,any_anx
f_any_sex,1,0.4046,0.0651,38.6069,<.0001,MLE,any_anx
f_any_per,1,0.9354,0.0254,1361.1250,<.0001,MLE,any_anx
f_any_sui,1,0.9595,0.0306,983.5539,<.0001,MLE,any_anx
f_any_adhd,1,0.9382,0.0431,473.4286,<.0001,MLE,any_phb
f_any_sub,1,0.5137,0.0366,197.1681,<.0001,MLE,any_phb
f_any_dep,1,0.3985,0.0244,265.8433,<.0001,MLE,any_phb
f_any_str,1,0.3138,0.0195,259.6512,<.0001,MLE,any_phb
f_any_anx,1,0.5406,0.0264,418.2306,<.0001,MLE,any_phb
f_any_anx,1,0.5406,0.0264,418.2306,<.0001,MLE,any_phb
f_any_ptsd,1,0.7848,0.0356,485.1359,<.0001,MLE,any_phb
f_any_som,1,0.3551,0.0593,35.8400,<.0001,MLE,any_phb
f_any_psy,1,0.8220,0.0378,471.6559,<.0001,MLE,any_phb
f_any_oth,1,0.3379,0.0208,263.6517,<.0001,MLE,any_phb
f_any_slp,1,0.2845,0.0229,154.3716,<.0001,MLE,any_phb
f_any_sex,1,0.4134,0.1272,10.5713,0.0011,MLE,any_phb
f_any_per,1,0.9366,0.0475,388.4467,<.0001,MLE,any_phb
f_any_sui,1,0.9474,0.0566,280.1476,<.0001,MLE,any_phb
f_any_adhd,1,1.0169,0.0593,294.1253,<.0001,MLE,any_ptsd
f_any_sub,1,0.6464,0.0504,164.7348,<.0001,MLE,any_ptsd
f_any_dep,1,0.5725,0.0393,212.2728,<.0001,MLE,any_ptsd
f_any_str,1,0.5064,0.0301,283.7656,<.0001,MLE,any_ptsd
f_any_anx,1,0.5213,0.0349,223.6856,<.0001,MLE,any_ptsd
f_any_phb,1,0.5792,0.0515,126.5722,<.0001,MLE,any_ptsd
f_any_phb,1,0.5792,0.0515,126.5722,<.0001,MLE,any_ptsd
f_any_som,1,0.4766,0.0800,35.4775,<.0001,MLE,any_ptsd
f_any_psy,1,0.9144,0.0519,310.7407,<.0001,MLE,any_ptsd
f_any_oth,1,0.4074,0.0313,169.1144,<.0001,MLE,any_ptsd
f_any_slp,1,0.4088,0.0335,148.6625,<.0001,MLE,any_ptsd
f_any_sex,1,0.1705,0.2056,0.6878,0.4069,MLE,any_ptsd
f_any_per,1,1.1189,0.0622,323.9348,<.0001,MLE,any_ptsd
f_any_sui,1,1.0843,0.0762,202.2472,<.0001,MLE,any_ptsd
f_any_adhd,1,0.4997,0.0900,30.8258,<.0001,MLE,any_som
f_any_sub,1,0.1888,0.0698,7.3154,0.0068,MLE,any_som
f_any_dep,1,0.1669,0.0407,16.8291,<.0001,MLE,any_som
f_any_str,1,0.1652,0.0351,22.1366,<.0001,MLE,any_som
f_any_anx,1,0.1832,0.0476,14.8177,0.0001,MLE,any_som
f_any_phb,1,0.3442,0.0702,24.0109,<.0001,MLE,any_som
f_any_ptsd,1,0.3940,0.0741,28.2618,<.0001,MLE,any_som
f_any_ptsd,1,0.3940,0.0741,28.2618,<.0001,MLE,any_som
f_any_psy,1,0.4690,0.0765,37.5621,<.0001,MLE,any_som
f_any_oth,1,0.1908,0.0379,25.3904,<.0001,MLE,any_som
f_any_slp,1,0.0754,0.0417,3.2634,0.0708,MLE,any_som
f_any_sex,1,0.6641,0.1978,11.2733,0.0008,MLE,any_som
f_any_per,1,0.5530,0.0974,32.2596,<.0001,MLE,any_som
f_any_sui,1,0.6644,0.1113,35.6267,<.0001,MLE,any_som
f_any_adhd,1,1.0629,0.0441,581.2019,<.0001,MLE,any_psy
f_any_sub,1,0.6913,0.0387,318.4794,<.0001,MLE,any_psy
f_any_dep,1,0.6203,0.0296,439.1978,<.0001,MLE,any_psy
f_any_str,1,0.4934,0.0204,585.8243,<.0001,MLE,any_psy
f_any_anx,1,0.5733,0.0251,521.1947,<.0001,MLE,any_psy
f_any_phb,1,0.6798,0.0366,344.4182,<.0001,MLE,any_psy
f_any_ptsd,1,0.9201,0.0357,665.5432,<.0001,MLE,any_psy
f_any_som,1,0.6267,0.0552,128.7311,<.0001,MLE,any_psy
f_any_som,1,0.6267,0.0552,128.7311,<.0001,MLE,any_psy
f_any_oth,1,0.4470,0.0247,327.1188,<.0001,MLE,any_psy
f_any_slp,1,0.4495,0.0243,342.1436,<.0001,MLE,any_psy
f_any_sex,1,0.3494,0.1392,6.2989,0.0121,MLE,any_psy
f_any_per,1,1.2717,0.0443,824.1454,<.0001,MLE,any_psy
f_any_sui,1,1.3672,0.0515,703.7994,<.0001,MLE,any_psy
f_any_adhd,1,0.6845,0.0215,1017.9308,<.0001,MLE,any_oth
f_any_sub,1,0.3394,0.0159,456.2977,<.0001,MLE,any_oth
f_any_dep,1,0.4081,0.00874,2179.8429,<.0001,MLE,any_oth
f_any_str,1,0.3349,0.00817,1681.2453,<.0001,MLE,any_oth
f_any_anx,1,0.4137,0.00910,2067.9886,<.0001,MLE,any_oth
f_any_phb,1,0.4087,0.0164,621.8383,<.0001,MLE,any_oth
f_any_ptsd,1,0.7049,0.0166,1800.6058,<.0001,MLE,any_oth
f_any_som,1,0.4007,0.0252,253.6709,<.0001,MLE,any_oth
f_any_psy,1,0.6309,0.0181,1212.6250,<.0001,MLE,any_oth
f_any_psy,1,0.6309,0.0181,1212.6250,<.0001,MLE,any_oth
f_any_slp,1,0.2939,0.00911,1041.1848,<.0001,MLE,any_oth
f_any_sex,1,0.2764,0.0576,23.0656,<.0001,MLE,any_oth
f_any_per,1,0.7660,0.0231,1095.1821,<.0001,MLE,any_oth
f_any_sui,1,0.8072,0.0279,836.5546,<.0001,MLE,any_oth
f_any_adhd,1,0.5761,0.0214,725.3695,<.0001,MLE,any_slp
f_any_sub,1,0.4897,0.0148,1097.3502,<.0001,MLE,any_slp
f_any_dep,1,0.3547,0.00831,1822.9860,<.0001,MLE,any_slp
f_any_str,1,0.2797,0.00778,1294.0803,<.0001,MLE,any_slp
f_any_anx,1,0.3719,0.00885,1765.7326,<.0001,MLE,any_slp
f_any_phb,1,0.4036,0.0159,645.2362,<.0001,MLE,any_slp
f_any_ptsd,1,0.5686,0.0167,1160.1443,<.0001,MLE,any_slp
f_any_som,1,0.3372,0.0248,184.6695,<.0001,MLE,any_slp
f_any_psy,1,0.5876,0.0177,1101.6273,<.0001,MLE,any_slp
f_any_oth,1,0.2628,0.00809,1054.8981,<.0001,MLE,any_slp
f_any_oth,1,0.2628,0.00809,1054.8981,<.0001,MLE,any_slp
f_any_sex,1,0.4492,0.0532,71.4063,<.0001,MLE,any_slp
f_any_per,1,0.6113,0.0233,685.4491,<.0001,MLE,any_slp
f_any_sui,1,0.7388,0.0276,715.4740,<.0001,MLE,any_slp
f_any_adhd,1,0.3820,0.0343,123.8983,<.0001,MLE,any_sex
f_any_sub,1,0.4583,0.0225,413.9233,<.0001,MLE,any_sex
f_any_dep,1,0.3274,0.0124,693.1312,<.0001,MLE,any_sex
f_any_str,1,0.2596,0.0120,468.2750,<.0001,MLE,any_sex
f_any_anx,1,0.2479,0.0138,321.8111,<.0001,MLE,any_sex
f_any_phb,1,0.2630,0.0255,106.4897,<.0001,MLE,any_sex
f_any_ptsd,1,0.4106,0.0264,241.7326,<.0001,MLE,any_sex
f_any_som,1,0.2326,0.0396,34.4228,<.0001,MLE,any_sex
f_any_psy,1,0.4425,0.0278,254.1794,<.0001,MLE,any_sex
f_any_oth,1,0.1828,0.0125,212.9164,<.0001,MLE,any_sex
f_any_slp,1,0.3470,0.0135,660.1636,<.0001,MLE,any_sex
f_any_slp,1,0.3470,0.0135,660.1636,<.0001,MLE,any_sex
f_any_per,1,0.4587,0.0366,156.7914,<.0001,MLE,any_sex
f_any_sui,1,0.6252,0.0418,224.1343,<.0001,MLE,any_sex
f_any_adhd,1,1.1036,0.0568,377.2949,<.0001,MLE,any_per
f_any_sub,1,0.7730,0.0476,263.6700,<.0001,MLE,any_per
f_any_dep,1,0.7559,0.0389,377.4512,<.0001,MLE,any_per
f_any_str,1,0.5021,0.0278,327.2899,<.0001,MLE,any_per
f_any_anx,1,0.7628,0.0321,565.4732,<.0001,MLE,any_per
f_any_phb,1,0.8767,0.0451,378.7250,<.0001,MLE,any_per
f_any_ptsd,1,1.1674,0.0422,764.4827,<.0001,MLE,any_per
f_any_som,1,0.7889,0.0668,139.5999,<.0001,MLE,any_per
f_any_psy,1,1.1755,0.0473,617.0176,<.0001,MLE,any_per
f_any_oth,1,0.5135,0.0309,276.4888,<.0001,MLE,any_per
f_any_slp,1,0.4444,0.0309,207.1517,<.0001,MLE,any_per
f_any_sex,1,0.4144,0.1758,5.5580,0.0184,MLE,any_per
f_any_sex,1,0.4144,0.1758,5.5580,0.0184,MLE,any_per
f_any_sui,1,1.4163,0.0648,478.3253,<.0001,MLE,any_per
f_any_adhd,1,1.0920,0.0597,334.9059,<.0001,MLE,any_sui
f_any_sub,1,0.7720,0.0595,168.5071,<.0001,MLE,any_sui
f_any_dep,1,0.8880,0.0526,285.4489,<.0001,MLE,any_sui
f_any_str,1,0.8299,0.0308,727.8105,<.0001,MLE,any_sui
f_any_anx,1,0.7186,0.0346,430.2086,<.0001,MLE,any_sui
f_any_phb,1,0.7447,0.0491,230.4371,<.0001,MLE,any_sui
f_any_ptsd,1,1.1531,0.0449,658.1162,<.0001,MLE,any_sui
f_any_som,1,0.6324,0.0755,70.2019,<.0001,MLE,any_sui
f_any_psy,1,1.1333,0.0517,480.3443,<.0001,MLE,any_sui
f_any_oth,1,0.5325,0.0330,260.9088,<.0001,MLE,any_sui
f_any_slp,1,0.5620,0.0338,276.7107,<.0001,MLE,any_sui
f_any_sex,1,0.4748,0.1813,6.8584,0.0088,MLE,any_sui
f_any_per,1,1.5280,0.0545,786.4142,<.0001,MLE,any_sui
f_any_per,1,1.5280,0.0545,786.4142,<.0001,MLE,any_sui
