Table,StudyType,Statistic,Value,LowerCL,UpperCL,sig
Table m_any_MH * f_any_MH,Case-Control (Odds Ratio),Odds Ratio,2.1077,2.0879,2.1276,1
Table m_any_MH * f_any_sub,Case-Control (Odds Ratio),Odds Ratio,2.4461,2.3943,2.4990,1
Table m_any_MH * f_any_adhd,Case-Control (Odds Ratio),Odds Ratio,2.6593,2.5644,2.7576,1
Table m_any_MH * f_any_dep,Case-Control (Odds Ratio),Odds Ratio,1.9305,1.9125,1.9488,1
Table m_any_MH * f_any_str,Case-Control (Odds Ratio),Odds Ratio,1.7609,1.7444,1.7777,1
Table m_any_MH * f_any_anx,Case-Control (Odds Ratio),Odds Ratio,1.8209,1.7993,1.8428,1
Table m_any_MH * f_any_phb,Case-Control (Odds Ratio),Odds Ratio,1.7427,1.7001,1.7864,1
Table m_any_MH * f_any_ptsd,Case-Control (Odds Ratio),Odds Ratio,2.4812,2.4106,2.5538,1
Table m_any_MH * f_any_som,Case-Control (Odds Ratio),Odds Ratio,1.6345,1.5720,1.6994,1
Table m_any_MH * f_any_psy,Case-Control (Odds Ratio),Odds Ratio,2.5117,2.4370,2.5886,1
Table m_any_MH * f_any_oth,Case-Control (Odds Ratio),Odds Ratio,1.6079,1.5918,1.6243,1
Table m_any_MH * f_any_slp,Case-Control (Odds Ratio),Odds Ratio,1.6439,1.6261,1.6620,1
Table m_any_MH * f_any_sex,Case-Control (Odds Ratio),Odds Ratio,1.5522,1.4306,1.6840,1
Table m_any_MH * f_any_per,Case-Control (Odds Ratio),Odds Ratio,2.7968,2.6825,2.9159,1
Table m_any_MH * f_any_sui,Case-Control (Odds Ratio),Odds Ratio,3.1938,3.0301,3.3664,1
Table m_any_sub * f_any_MH,Case-Control (Odds Ratio),Odds Ratio,2.2442,2.1952,2.2943,1
Table m_any_sub * f_any_sub,Case-Control (Odds Ratio),Odds Ratio,5.6900,5.5504,5.8330,1
Table m_any_sub * f_any_adhd,Case-Control (Odds Ratio),Odds Ratio,3.6502,3.4967,3.8104,1
Table m_any_sub * f_any_dep,Case-Control (Odds Ratio),Odds Ratio,1.9815,1.9462,2.0174,1
Table m_any_sub * f_any_str,Case-Control (Odds Ratio),Odds Ratio,1.5783,1.5498,1.6073,1
Table m_any_sub * f_any_anx,Case-Control (Odds Ratio),Odds Ratio,2.1926,2.1491,2.2370,1
Table m_any_sub * f_any_phb,Case-Control (Odds Ratio),Odds Ratio,2.0924,2.0149,2.1729,1
Table m_any_sub * f_any_ptsd,Case-Control (Odds Ratio),Odds Ratio,2.4771,2.3814,2.5767,1
Table m_any_sub * f_any_som,Case-Control (Odds Ratio),Odds Ratio,1.5533,1.4546,1.6586,1
Table m_any_sub * f_any_psy,Case-Control (Odds Ratio),Odds Ratio,3.2454,3.1251,3.3704,1
Table m_any_sub * f_any_oth,Case-Control (Odds Ratio),Odds Ratio,1.5353,1.5063,1.5648,1
Table m_any_sub * f_any_slp,Case-Control (Odds Ratio),Odds Ratio,1.7352,1.7014,1.7698,1
Table m_any_sub * f_any_sex,Case-Control (Odds Ratio),Odds Ratio,1.4149,1.2269,1.6317,1
Table m_any_sub * f_any_per,Case-Control (Odds Ratio),Odds Ratio,3.5465,3.3772,3.7243,1
Table m_any_sub * f_any_sui,Case-Control (Odds Ratio),Odds Ratio,4.1747,3.9443,4.4185,1
Table m_any_adhd * f_any_MH,Case-Control (Odds Ratio),Odds Ratio,2.9414,2.8064,3.0829,1
Table m_any_adhd * f_any_sub,Case-Control (Odds Ratio),Odds Ratio,4.0051,3.8220,4.1969,1
Table m_any_adhd * f_any_adhd,Case-Control (Odds Ratio),Odds Ratio,7.3661,6.9517,7.8052,1
Table m_any_adhd * f_any_dep,Case-Control (Odds Ratio),Odds Ratio,2.4677,2.3842,2.5541,1
Table m_any_adhd * f_any_str,Case-Control (Odds Ratio),Odds Ratio,1.7733,1.7131,1.8355,1
Table m_any_adhd * f_any_anx,Case-Control (Odds Ratio),Odds Ratio,2.4998,2.4096,2.5933,1
Table m_any_adhd * f_any_phb,Case-Control (Odds Ratio),Odds Ratio,2.6918,2.5280,2.8662,1
Table m_any_adhd * f_any_ptsd,Case-Control (Odds Ratio),Odds Ratio,3.4234,3.2147,3.6457,1
Table m_any_adhd * f_any_som,Case-Control (Odds Ratio),Odds Ratio,1.9208,1.7179,2.1476,1
Table m_any_adhd * f_any_psy,Case-Control (Odds Ratio),Odds Ratio,3.4720,3.2536,3.7051,1
Table m_any_adhd * f_any_oth,Case-Control (Odds Ratio),Odds Ratio,1.9428,1.8756,2.0123,1
Table m_any_adhd * f_any_slp,Case-Control (Odds Ratio),Odds Ratio,1.6955,1.6332,1.7602,1
Table m_any_adhd * f_any_sex,Case-Control (Odds Ratio),Odds Ratio,1.8189,1.4331,2.3086,1
Table m_any_adhd * f_any_per,Case-Control (Odds Ratio),Odds Ratio,4.3781,4.0492,4.7337,1
Table m_any_adhd * f_any_sui,Case-Control (Odds Ratio),Odds Ratio,3.9281,3.5593,4.3351,1
Table m_any_dep * f_any_MH,Case-Control (Odds Ratio),Odds Ratio,2.1307,2.1033,2.1584,1
Table m_any_dep * f_any_sub,Case-Control (Odds Ratio),Odds Ratio,2.1343,2.0885,2.1812,1
Table m_any_dep * f_any_adhd,Case-Control (Odds Ratio),Odds Ratio,2.5184,2.4325,2.6075,1
Table m_any_dep * f_any_dep,Case-Control (Odds Ratio),Odds Ratio,2.1093,2.0856,2.1332,1
Table m_any_dep * f_any_str,Case-Control (Odds Ratio),Odds Ratio,1.6187,1.6003,1.6373,1
Table m_any_dep * f_any_anx,Case-Control (Odds Ratio),Odds Ratio,1.8083,1.7840,1.8329,1
Table m_any_dep * f_any_phb,Case-Control (Odds Ratio),Odds Ratio,1.7380,1.6918,1.7855,1
Table m_any_dep * f_any_ptsd,Case-Control (Odds Ratio),Odds Ratio,2.3332,2.2678,2.4004,1
Table m_any_dep * f_any_som,Case-Control (Odds Ratio),Odds Ratio,1.5502,1.4844,1.6188,1
Table m_any_dep * f_any_psy,Case-Control (Odds Ratio),Odds Ratio,2.3328,2.2647,2.4029,1
Table m_any_dep * f_any_oth,Case-Control (Odds Ratio),Odds Ratio,1.5492,1.5306,1.5680,1
Table m_any_dep * f_any_slp,Case-Control (Odds Ratio),Odds Ratio,1.5532,1.5334,1.5733,1
Table m_any_dep * f_any_sex,Case-Control (Odds Ratio),Odds Ratio,1.5543,1.4194,1.7021,1
Table m_any_dep * f_any_per,Case-Control (Odds Ratio),Odds Ratio,2.7190,2.6149,2.8273,1
Table m_any_dep * f_any_sui,Case-Control (Odds Ratio),Odds Ratio,2.7575,2.6293,2.8919,1
Table m_any_str * f_any_MH,Case-Control (Odds Ratio),Odds Ratio,2.1879,2.1576,2.2186,1
Table m_any_str * f_any_sub,Case-Control (Odds Ratio),Odds Ratio,1.7102,1.6703,1.7509,1
Table m_any_str * f_any_adhd,Case-Control (Odds Ratio),Odds Ratio,1.9479,1.8762,2.0224,1
Table m_any_str * f_any_dep,Case-Control (Odds Ratio),Odds Ratio,1.7409,1.7201,1.7619,1
Table m_any_str * f_any_str,Case-Control (Odds Ratio),Odds Ratio,2.1505,2.1249,2.1764,1
Table m_any_str * f_any_anx,Case-Control (Odds Ratio),Odds Ratio,1.5983,1.5753,1.6216,1
Table m_any_str * f_any_phb,Case-Control (Odds Ratio),Odds Ratio,1.5585,1.5142,1.6042,1
Table m_any_str * f_any_ptsd,Case-Control (Odds Ratio),Odds Ratio,2.1096,2.0474,2.1736,1
Table m_any_str * f_any_som,Case-Control (Odds Ratio),Odds Ratio,1.5126,1.4450,1.5834,1
Table m_any_str * f_any_psy,Case-Control (Odds Ratio),Odds Ratio,1.9295,1.8692,1.9917,1
Table m_any_str * f_any_oth,Case-Control (Odds Ratio),Odds Ratio,1.5152,1.4960,1.5347,1
Table m_any_str * f_any_slp,Case-Control (Odds Ratio),Odds Ratio,1.4270,1.4075,1.4467,1
Table m_any_str * f_any_sex,Case-Control (Odds Ratio),Odds Ratio,1.3446,1.2179,1.4845,1
Table m_any_str * f_any_per,Case-Control (Odds Ratio),Odds Ratio,2.0255,1.9418,2.1129,1
Table m_any_str * f_any_sui,Case-Control (Odds Ratio),Odds Ratio,2.4565,2.3375,2.5816,1
Table m_any_anx * f_any_MH,Case-Control (Odds Ratio),Odds Ratio,1.8588,1.8261,1.8920,1
Table m_any_anx * f_any_sub,Case-Control (Odds Ratio),Odds Ratio,2.5946,2.5279,2.6629,1
Table m_any_anx * f_any_adhd,Case-Control (Odds Ratio),Odds Ratio,2.6162,2.5090,2.7280,1
Table m_any_anx * f_any_dep,Case-Control (Odds Ratio),Odds Ratio,1.7423,1.7158,1.7693,1
Table m_any_anx * f_any_str,Case-Control (Odds Ratio),Odds Ratio,1.4396,1.4172,1.4622,1
Table m_any_anx * f_any_anx,Case-Control (Odds Ratio),Odds Ratio,1.9976,1.9629,2.0329,1
Table m_any_anx * f_any_phb,Case-Control (Odds Ratio),Odds Ratio,1.8748,1.8123,1.9395,1
Table m_any_anx * f_any_ptsd,Case-Control (Odds Ratio),Odds Ratio,2.0763,2.0022,2.1532,1
Table m_any_anx * f_any_som,Case-Control (Odds Ratio),Odds Ratio,1.5117,1.4279,1.6005,1
Table m_any_anx * f_any_psy,Case-Control (Odds Ratio),Odds Ratio,2.4018,2.3162,2.4905,1
Table m_any_anx * f_any_oth,Case-Control (Odds Ratio),Odds Ratio,1.4696,1.4457,1.4938,1
Table m_any_anx * f_any_slp,Case-Control (Odds Ratio),Odds Ratio,1.4963,1.4706,1.5224,1
Table m_any_anx * f_any_sex,Case-Control (Odds Ratio),Odds Ratio,1.5561,1.3827,1.7513,1
Table m_any_anx * f_any_per,Case-Control (Odds Ratio),Odds Ratio,2.7329,2.6079,2.8639,1
Table m_any_anx * f_any_sui,Case-Control (Odds Ratio),Odds Ratio,2.8102,2.6556,2.9737,1
Table m_any_phb * f_any_MH,Case-Control (Odds Ratio),Odds Ratio,1.8128,1.7483,1.8798,1
Table m_any_phb * f_any_sub,Case-Control (Odds Ratio),Odds Ratio,2.4230,2.3056,2.5464,1
Table m_any_phb * f_any_adhd,Case-Control (Odds Ratio),Odds Ratio,2.8429,2.6395,3.0620,1
Table m_any_phb * f_any_dep,Case-Control (Odds Ratio),Odds Ratio,1.7182,1.6661,1.7719,1
Table m_any_phb * f_any_str,Case-Control (Odds Ratio),Odds Ratio,1.3993,1.3560,1.4440,1
Table m_any_phb * f_any_anx,Case-Control (Odds Ratio),Odds Ratio,1.9725,1.9058,2.0415,1
Table m_any_phb * f_any_phb,Case-Control (Odds Ratio),Odds Ratio,2.3407,2.2054,2.4843,1
Table m_any_phb * f_any_ptsd,Case-Control (Odds Ratio),Odds Ratio,2.2382,2.0935,2.3928,1
Table m_any_phb * f_any_som,Case-Control (Odds Ratio),Odds Ratio,1.4065,1.2536,1.5781,1
Table m_any_phb * f_any_psy,Case-Control (Odds Ratio),Odds Ratio,2.4256,2.2678,2.5945,1
Table m_any_phb * f_any_oth,Case-Control (Odds Ratio),Odds Ratio,1.4745,1.4272,1.5234,1
Table m_any_phb * f_any_slp,Case-Control (Odds Ratio),Odds Ratio,1.4782,1.4281,1.5300,1
Table m_any_phb * f_any_sex,Case-Control (Odds Ratio),Odds Ratio,1.5672,1.2464,1.9705,1
Table m_any_phb * f_any_per,Case-Control (Odds Ratio),Odds Ratio,2.8720,2.6420,3.1220,1
Table m_any_phb * f_any_sui,Case-Control (Odds Ratio),Odds Ratio,2.7665,2.4958,3.0666,1
Table m_any_ptsd * f_any_MH,Case-Control (Odds Ratio),Odds Ratio,2.3799,2.2495,2.5178,1
Table m_any_ptsd * f_any_sub,Case-Control (Odds Ratio),Odds Ratio,2.6002,2.4280,2.7848,1
Table m_any_ptsd * f_any_adhd,Case-Control (Odds Ratio),Odds Ratio,3.1376,2.8384,3.4684,1
Table m_any_ptsd * f_any_dep,Case-Control (Odds Ratio),Odds Ratio,2.0206,1.9338,2.1113,1
Table m_any_ptsd * f_any_str,Case-Control (Odds Ratio),Odds Ratio,1.7922,1.7149,1.8730,1
Table m_any_ptsd * f_any_anx,Case-Control (Odds Ratio),Odds Ratio,1.9475,1.8541,2.0457,1
Table m_any_ptsd * f_any_phb,Case-Control (Odds Ratio),Odds Ratio,1.8796,1.7138,2.0615,1
Table m_any_ptsd * f_any_ptsd,Case-Control (Odds Ratio),Odds Ratio,3.6600,3.3870,3.9550,1
Table m_any_ptsd * f_any_som,Case-Control (Odds Ratio),Odds Ratio,1.5933,1.3646,1.8602,1
Table m_any_ptsd * f_any_psy,Case-Control (Odds Ratio),Odds Ratio,2.5846,2.3559,2.8355,1
Table m_any_ptsd * f_any_oth,Case-Control (Odds Ratio),Odds Ratio,1.6718,1.5970,1.7501,1
Table m_any_ptsd * f_any_slp,Case-Control (Odds Ratio),Odds Ratio,1.6161,1.5398,1.6961,1
Table m_any_ptsd * f_any_sex,Case-Control (Odds Ratio),Odds Ratio,1.2709,0.8860,1.8230,0
Table m_any_ptsd * f_any_per,Case-Control (Odds Ratio),Odds Ratio,3.3089,2.9629,3.6953,1
Table m_any_ptsd * f_any_sui,Case-Control (Odds Ratio),Odds Ratio,3.1268,2.7259,3.5867,1
Table m_any_som * f_any_MH,Case-Control (Odds Ratio),Odds Ratio,1.4301,1.3456,1.5200,1
Table m_any_som * f_any_sub,Case-Control (Odds Ratio),Odds Ratio,1.3933,1.2499,1.5532,1
Table m_any_som * f_any_adhd,Case-Control (Odds Ratio),Odds Ratio,1.8446,1.5776,2.1569,1
Table m_any_som * f_any_dep,Case-Control (Odds Ratio),Odds Ratio,1.3715,1.2975,1.4498,1
Table m_any_som * f_any_str,Case-Control (Odds Ratio),Odds Ratio,1.2383,1.1702,1.3104,1
Table m_any_som * f_any_anx,Case-Control (Odds Ratio),Odds Ratio,1.3897,1.3006,1.4848,1
Table m_any_som * f_any_phb,Case-Control (Odds Ratio),Odds Ratio,1.4323,1.2595,1.6289,1
Table m_any_som * f_any_ptsd,Case-Control (Odds Ratio),Odds Ratio,1.5329,1.3352,1.7599,1
Table m_any_som * f_any_som,Case-Control (Odds Ratio),Odds Ratio,1.5041,1.2353,1.8315,1
Table m_any_som * f_any_psy,Case-Control (Odds Ratio),Odds Ratio,1.7190,1.4995,1.9707,1
Table m_any_som * f_any_oth,Case-Control (Odds Ratio),Odds Ratio,1.3127,1.2375,1.3925,1
Table m_any_som * f_any_slp,Case-Control (Odds Ratio),Odds Ratio,1.2224,1.1468,1.3031,1
Table m_any_som * f_any_sex,Case-Control (Odds Ratio),Odds Ratio,1.9708,1.3734,2.8280,1
Table m_any_som * f_any_per,Case-Control (Odds Ratio),Odds Ratio,1.9515,1.6422,2.3191,1
Table m_any_som * f_any_sui,Case-Control (Odds Ratio),Odds Ratio,1.9386,1.5701,2.3936,1
Table m_any_psy * f_any_MH,Case-Control (Odds Ratio),Odds Ratio,2.2833,2.1918,2.3786,1
Table m_any_psy * f_any_sub,Case-Control (Odds Ratio),Odds Ratio,3.1772,3.0292,3.3324,1
Table m_any_psy * f_any_adhd,Case-Control (Odds Ratio),Odds Ratio,3.3118,3.0772,3.5643,1
Table m_any_psy * f_any_dep,Case-Control (Odds Ratio),Odds Ratio,2.0288,1.9641,2.0956,1
Table m_any_psy * f_any_str,Case-Control (Odds Ratio),Odds Ratio,1.6444,1.5915,1.6991,1
Table m_any_psy * f_any_anx,Case-Control (Odds Ratio),Odds Ratio,2.0311,1.9592,2.1057,1
Table m_any_psy * f_any_phb,Case-Control (Odds Ratio),Odds Ratio,2.0861,1.9534,2.2277,1
Table m_any_psy * f_any_ptsd,Case-Control (Odds Ratio),Odds Ratio,2.5982,2.4315,2.7763,1
Table m_any_psy * f_any_som,Case-Control (Odds Ratio),Odds Ratio,1.8499,1.6616,2.0595,1
Table m_any_psy * f_any_psy,Case-Control (Odds Ratio),Odds Ratio,4.1042,3.8732,4.3489,1
Table m_any_psy * f_any_oth,Case-Control (Odds Ratio),Odds Ratio,1.6903,1.6342,1.7484,1
Table m_any_psy * f_any_slp,Case-Control (Odds Ratio),Odds Ratio,1.6914,1.6325,1.7523,1
Table m_any_psy * f_any_sex,Case-Control (Odds Ratio),Odds Ratio,1.5663,1.2300,1.9946,1
Table m_any_psy * f_any_per,Case-Control (Odds Ratio),Odds Ratio,3.9610,3.6670,4.2785,1
Table m_any_psy * f_any_sui,Case-Control (Odds Ratio),Odds Ratio,4.2332,3.8658,4.6357,1
Table m_any_oth * f_any_MH,Case-Control (Odds Ratio),Odds Ratio,1.8965,1.8688,1.9246,1
Table m_any_oth * f_any_sub,Case-Control (Odds Ratio),Odds Ratio,1.7478,1.7048,1.7919,1
Table m_any_oth * f_any_adhd,Case-Control (Odds Ratio),Odds Ratio,2.1922,2.1093,2.2783,1
Table m_any_oth * f_any_dep,Case-Control (Odds Ratio),Odds Ratio,1.6786,1.6571,1.7005,1
Table m_any_oth * f_any_str,Case-Control (Odds Ratio),Odds Ratio,1.4969,1.4774,1.5166,1
Table m_any_oth * f_any_anx,Case-Control (Odds Ratio),Odds Ratio,1.6204,1.5955,1.6456,1
Table m_any_oth * f_any_phb,Case-Control (Odds Ratio),Odds Ratio,1.5482,1.5013,1.5967,1
Table m_any_oth * f_any_ptsd,Case-Control (Odds Ratio),Odds Ratio,2.0675,2.0030,2.1340,1
Table m_any_oth * f_any_som,Case-Control (Odds Ratio),Odds Ratio,1.4951,1.4238,1.5700,1
Table m_any_oth * f_any_psy,Case-Control (Odds Ratio),Odds Ratio,2.0483,1.9816,2.1171,1
Table m_any_oth * f_any_oth,Case-Control (Odds Ratio),Odds Ratio,1.8124,1.7882,1.8370,1
Table m_any_oth * f_any_slp,Case-Control (Odds Ratio),Odds Ratio,1.4187,1.3980,1.4398,1
Table m_any_oth * f_any_sex,Case-Control (Odds Ratio),Odds Ratio,1.3164,1.1833,1.4644,1
Table m_any_oth * f_any_per,Case-Control (Odds Ratio),Odds Ratio,2.2891,2.1923,2.3903,1
Table m_any_oth * f_any_sui,Case-Control (Odds Ratio),Odds Ratio,2.3733,2.2523,2.5007,1
Table m_any_slp * f_any_MH,Case-Control (Odds Ratio),Odds Ratio,1.7778,1.7531,1.8027,1
Table m_any_slp * f_any_sub,Case-Control (Odds Ratio),Odds Ratio,1.9745,1.9285,2.0215,1
Table m_any_slp * f_any_adhd,Case-Control (Odds Ratio),Odds Ratio,1.9450,1.8714,2.0216,1
Table m_any_slp * f_any_dep,Case-Control (Odds Ratio),Odds Ratio,1.6103,1.5903,1.6306,1
Table m_any_slp * f_any_str,Case-Control (Odds Ratio),Odds Ratio,1.4049,1.3872,1.4229,1
Table m_any_slp * f_any_anx,Case-Control (Odds Ratio),Odds Ratio,1.5866,1.5629,1.6105,1
Table m_any_slp * f_any_phb,Case-Control (Odds Ratio),Odds Ratio,1.5547,1.5089,1.6017,1
Table m_any_slp * f_any_ptsd,Case-Control (Odds Ratio),Odds Ratio,1.8064,1.7498,1.8648,1
Table m_any_slp * f_any_som,Case-Control (Odds Ratio),Odds Ratio,1.4023,1.3363,1.4717,1
Table m_any_slp * f_any_psy,Case-Control (Odds Ratio),Odds Ratio,1.8813,1.8205,1.9441,1
Table m_any_slp * f_any_oth,Case-Control (Odds Ratio),Odds Ratio,1.3806,1.3622,1.3992,1
Table m_any_slp * f_any_slp,Case-Control (Odds Ratio),Odds Ratio,1.7760,1.7516,1.8006,1
Table m_any_slp * f_any_sex,Case-Control (Odds Ratio),Odds Ratio,1.5604,1.4147,1.7212,1
Table m_any_slp * f_any_per,Case-Control (Odds Ratio),Odds Ratio,1.9265,1.8438,2.0129,1
Table m_any_slp * f_any_sui,Case-Control (Odds Ratio),Odds Ratio,2.1824,2.0718,2.2990,1
Table m_any_sex * f_any_MH,Case-Control (Odds Ratio),Odds Ratio,1.4941,1.4619,1.5270,1
Table m_any_sex * f_any_sub,Case-Control (Odds Ratio),Odds Ratio,1.7488,1.6865,1.8133,1
Table m_any_sex * f_any_adhd,Case-Control (Odds Ratio),Odds Ratio,1.5417,1.4490,1.6403,1
Table m_any_sex * f_any_dep,Case-Control (Odds Ratio),Odds Ratio,1.4542,1.4257,1.4832,1
Table m_any_sex * f_any_str,Case-Control (Odds Ratio),Odds Ratio,1.3286,1.3023,1.3556,1
Table m_any_sex * f_any_anx,Case-Control (Odds Ratio),Odds Ratio,1.3610,1.3287,1.3940,1
Table m_any_sex * f_any_phb,Case-Control (Odds Ratio),Odds Ratio,1.3379,1.2753,1.4036,1
Table m_any_sex * f_any_ptsd,Case-Control (Odds Ratio),Odds Ratio,1.5270,1.4519,1.6059,1
Table m_any_sex * f_any_som,Case-Control (Odds Ratio),Odds Ratio,1.2663,1.1724,1.3678,1
Table m_any_sex * f_any_psy,Case-Control (Odds Ratio),Odds Ratio,1.5911,1.5109,1.6755,1
Table m_any_sex * f_any_oth,Case-Control (Odds Ratio),Odds Ratio,1.2428,1.2165,1.2696,1
Table m_any_sex * f_any_slp,Case-Control (Odds Ratio),Odds Ratio,1.4920,1.4596,1.5251,1
Table m_any_sex * f_any_sex,Case-Control (Odds Ratio),Odds Ratio,1.7220,1.4940,1.9847,1
Table m_any_sex * f_any_per,Case-Control (Odds Ratio),Odds Ratio,1.6331,1.5246,1.7493,1
Table m_any_sex * f_any_sui,Case-Control (Odds Ratio),Odds Ratio,1.8890,1.7453,2.0445,1
Table m_any_per * f_any_MH,Case-Control (Odds Ratio),Odds Ratio,2.6172,2.4750,2.7675,1
Table m_any_per * f_any_sub,Case-Control (Odds Ratio),Odds Ratio,3.1326,2.9448,3.3323,1
Table m_any_per * f_any_adhd,Case-Control (Odds Ratio),Odds Ratio,3.6013,3.2874,3.9452,1
Table m_any_per * f_any_dep,Case-Control (Odds Ratio),Odds Ratio,2.3653,2.2673,2.4676,1
Table m_any_per * f_any_str,Case-Control (Odds Ratio),Odds Ratio,1.7174,1.6459,1.7921,1
Table m_any_per * f_any_anx,Case-Control (Odds Ratio),Odds Ratio,2.3888,2.2826,2.4999,1
Table m_any_per * f_any_phb,Case-Control (Odds Ratio),Odds Ratio,2.5469,2.3547,2.7548,1
Table m_any_per * f_any_ptsd,Case-Control (Odds Ratio),Odds Ratio,3.3744,3.1240,3.6448,1
Table m_any_per * f_any_som,Case-Control (Odds Ratio),Odds Ratio,2.1697,1.9062,2.4697,1
Table m_any_per * f_any_psy,Case-Control (Odds Ratio),Odds Ratio,3.6318,3.3600,3.9256,1
Table m_any_per * f_any_oth,Case-Control (Odds Ratio),Odds Ratio,1.7761,1.7002,1.8555,1
Table m_any_per * f_any_slp,Case-Control (Odds Ratio),Odds Ratio,1.6545,1.5797,1.7330,1
Table m_any_per * f_any_sex,Case-Control (Odds Ratio),Odds Ratio,1.4942,1.0837,2.0602,1
Table m_any_per * f_any_per,Case-Control (Odds Ratio),Odds Ratio,5.2646,4.8214,5.7485,1
Table m_any_per * f_any_sui,Case-Control (Odds Ratio),Odds Ratio,4.4819,4.0024,5.0189,1
Table m_any_sui * f_any_MH,Case-Control (Odds Ratio),Odds Ratio,3.4433,3.2265,3.6746,1
Table m_any_sui * f_any_sub,Case-Control (Odds Ratio),Odds Ratio,3.9384,3.7067,4.1844,1
Table m_any_sui * f_any_adhd,Case-Control (Odds Ratio),Odds Ratio,3.6408,3.3078,4.0073,1
Table m_any_sui * f_any_dep,Case-Control (Odds Ratio),Odds Ratio,2.4985,2.3887,2.6133,1
Table m_any_sui * f_any_str,Case-Control (Odds Ratio),Odds Ratio,2.2732,2.1737,2.3773,1
Table m_any_sui * f_any_anx,Case-Control (Odds Ratio),Odds Ratio,2.4060,2.2931,2.5245,1
Table m_any_sui * f_any_phb,Case-Control (Odds Ratio),Odds Ratio,2.2147,2.0284,2.4181,1
Table m_any_sui * f_any_ptsd,Case-Control (Odds Ratio),Odds Ratio,3.2660,3.0073,3.5471,1
Table m_any_sui * f_any_som,Case-Control (Odds Ratio),Odds Ratio,1.8766,1.6211,2.1724,1
Table m_any_sui * f_any_psy,Case-Control (Odds Ratio),Odds Ratio,3.5040,3.2238,3.8086,1
Table m_any_sui * f_any_oth,Case-Control (Odds Ratio),Odds Ratio,1.8570,1.7735,1.9445,1
Table m_any_sui * f_any_slp,Case-Control (Odds Ratio),Odds Ratio,1.9389,1.8487,2.0335,1
Table m_any_sui * f_any_sex,Case-Control (Odds Ratio),Odds Ratio,1.5911,1.1440,2.2130,1
Table m_any_sui * f_any_per,Case-Control (Odds Ratio),Odds Ratio,4.9260,4.4784,5.4184,1
Table m_any_sui * f_any_sui,Case-Control (Odds Ratio),Odds Ratio,5.5434,4.9697,6.1833,1
